no,issn1,issn2,title,last_year
1,2077-9038,"",Academia. Архитектура и строительство,""
2,0132-8077,2221-5115,Acarina,""
3,2541-9420,2587-9596,Acta Biomedica Scientifica (East Siberian Biomedical Journal),""
4,2306-5737,2658-4069,Acta Linguistica Petropolitana. Труды института лингвистических исследований,""
5,2075-8243,"",Acta Naturae (русскоязычная версия),""
6,0131-1379,"",Arctoa,""
7,2218-9173,"",Ars Administrandi. Искусство управления,""
8,0136-006X,"",Arthropoda Selecta. Русский артроподологический журнал,""
9,2542-2154,2587-5779,Biological Communications,""
10,2226-4701,2410-3713,Botanica Pacifica: a Journal of Plant Science and Conservation,""
11,2687-0894,2687-0908,Construction and Geotechnics,""
12,1026-051X,2713-2196,Far Eastern Entomologist,""
13,2308-4057,2310-9599,Foods and Raw Materials,""
14,"",2078-502X,Geodynamics & Tectonophysics,""
15,2071-9388,2542-1565,"Geography, Environment, Sustainability",""
16,2587-9618,2588-0195,International Journal for Computational Civil and Structural Engineering,""
17,1812-9250,1814-0815,Invertebrate Zoology,""
18,"",2712-7435,Journal of Applied Economic Research,""
19,"",2411-2844,Journal of Biomedical Photonics & Engineering,""
20,2076-6297,2412-6039,Journal of Institutional Studies,""
21,2076-8214,2078-1938,Laboratorium: журнал социальных исследований,""
22,"",2712-8172,Magazine of Civil Engineering,""
23,1605-2730,1605-8119,Materials Physics and Mechanics,""
24,2452-2449,2452-1779,Modern Electronic Materials,""
25,2500-008X,"",Nature Conservation Research. Заповедная наука,""
26,1561-4085,1817-2458,Nonlinear Phenomena in Complex Systems,""
27,1054-6618,1555-6212,Pattern Recognition and Image Analysis (Advances in Mathematical Theory and Applications),""
28,0202-2532,2618-6969,Philologia Classica,""
29,1541-308X,1934-807X,Physics of Wave Phenomena,""
30,2311-911X,2313-6871,Quaestio Rossica,""
31,0132-8069,"",Russian Entomological Journal,""
32,"",1681-1208,Russian Journal of Earth Sciences,""
33,2405-4739,"",Russian Journal of Economics,""
34,1026-2296,"",Russian Journal of Herpetology,""
35,2687-0088,2686-8024,Russian Journal of Linguistics,""
36,2658-5324,2658-5316,Russian Journal of Nonlinear Dynamics,""
37,0136-0027,2307-7336,Ruthenica: Русский малакологический журнал,""
38,1995-4328,1995-4336,Schole. Философское антиковедение и классическая традиция,""
39,"",2658-6762,Science for Education Today,""
40,2304-0785,2305-6754,Slověne,""
41,1681-4363,"",Social Evolution and History,""
42,1608-9057,1857-3533,Stratum plus. Археология и культурная антропология,""
43,2500-4247,2541-8564,Studia Litterarum,""
44,1995-848X,"",Studia Slavica et Balcanica Petropolitana,""
45,2409-6008,2313-8734,Supercomputing Frontiers and Innovations,""
46,1560-7259,1560-7267,Turczaninowia,""
47,0233-528X,"",Авиакосмическая и экологическая медицина,""
48,2073-0020,"",Авиакосмическое приборостроение,""
49,2071-9140,"",Авиационные материалы и технологии,""
50,0005-2310,"",Автоматика и телемеханика,""
51,0005-2329,"","Автоматика, связь, информатика",""
52,0320-7102,"",Автометрия,""
53,0869-8155,2686-701X,Аграрная наука,""
54,2072-9081,2500-1396,Аграрная наука Евро-Северо-Востока,""
55,1997-4868,2307-0005,Аграрный вестник Урала,""
56,2313-8432,2587-9944,Аграрный научный журнал,""
57,2687-1149,2687-1130,Агроинженерия,""
58,1029-2551,"",Агрохимический вестник,""
59,0002-1881,"",Агрохимия,""
60,0321-5075,"",Азия и Африка сегодня,""
61,0235-5620,"",Актуальные проблемы Европы,""
62,2312-2129,"",Актуальные проблемы теории и истории искусства,""
63,0320-7919,"",Акустический журнал,""
64,0300-9092,"",Акушерство и гинекология,""
65,0234-0852,"",Алгебра и анализ,""
66,0373-9252,"",Алгебра и логика,""
67,2072-0505,2587-9294,Альманах клинической медицины,""
68,1999-4079,2686-9519,Амурский зоологический журнал,""
69,2308-1155,2308-1163,Анализ риска здоровью,""
70,2073-1442,2073-1450,Аналитика и контроль,""
71,1027-6661,"",Ангиология и сосудистая хирургия,""
72,1814-6791,2307-6313,Анналы аритмологии,""
73,2075-5473,2409-2533,Анналы клинической и экспериментальной неврологии,""
74,1560-9502,2411-2674,Анналы хирургии,2019
75,1995-5464,2408-9524,Анналы хирургической гепатологии,""
76,0235-2990,"",Антибиотики и химиотерапия,""
77,2686-7206,2686-925X,Антиномии,""
78,1815-8870,"",Антропологический форум,""
79,0235-2443,"","АПК: Экономика, управление",""
80,1993-3916,"",Аридные экосистемы,""
81,"",2221-2698,Арктика и Север,""
82,2223-4594,"",Арктика: экология и экономика,""
83,1817-6976,"",Археологические вести,""
84,1563-0102,2410-7182,"Археология, этнография и антропология Евразии",""
85,0004-1955,2309-1266,Архив патологии,""
86,0320-930X,"",Астрономический вестник. Исследования Солнечной системы,""
87,0004-6299,"",Астрономический журнал,""
88,"",1990-3391,Астрофизический бюллетень,""
89,2219-8202,2409-2355,Атеросклероз и дислипидемии,""
90,0004-7163,"",Атомная энергия,""
91,2074-9848,2310-0532,Балтийский регион,""
92,1812-3945,"",Банковское право,""
93,1998-0663,2587-8166,Бизнес-информатика,""
94,0233-4755,"",Биологические мембраны,""
95,0320-9652,"",Биология внутренних вод,""
96,0134-3475,"",Биология моря,""
97,2074-5982,"",Биомедицина,""
98,1560-4136,"",Биомедицинская радиоэлектроника,""
99,2310-6972,2310-6905,Биомедицинская химия,""
100,0132-3423,1998-2860,Биоорганическая химия,""
101,2221-996X,2619-1156,"Биопрепараты. Профилактика, диагностика, лечение",""
102,0234-2758,2500-2341,Биотехнология,""
103,0006-3029,"",Биофизика,""
104,0320-9725,"",Биохимия,""
105,0006-8136,2658-6339,Ботанический журнал,""
106,"",0027-1403,Бюллетень Московского общества испытателей природы. Отдел биологический,""
107,1810-0694,2410-9959,Бюллетень НЦССХ им. А.Н. Бакулева РАМН. Сердечно- сосудистые заболевания,""
108,0136-1694,2312-4202,Бюллетень Почвенного института им. В.В. Докучаева,""
109,1682-0363,1819-3684,Бюллетень сибирской медицины,""
110,0365-9615,2413-1008,Бюллетень экспериментальной биологии и медицины,""
111,2500-0462,2500-3259,Вавиловский журнал генетики и селекции,""
112,1994-9065,"",Век глобализации,""
113,2311-0546,"",Вестник антропологии,""
114,1561-8641,2658-7327,Вестник аритмологии,""
115,1811-7465,2071-0437,"Вестник археологии, антропологии и этнографии",""
116,2073-0101,"",Вестник архивиста,""
117,2073-5529,2309-978X,Вестник Астраханского государственного технического университета. Серия: Рыбное хозяйство,""
118,1998-9911,2409-1979,Вестник Волгоградского государственного университета. Серия 2: Языкознание,""
119,2071-2243,"",Вестник Воронежского государственного аграрного университета,""
120,1609-0683,"",Вестник Воронежского государственного университета. Серия: География. Геоэкология,""
121,1609-0691,"",Вестник Воронежского государственного университета. Серия: Геология,""
122,1995-5499,"",Вестник Воронежского государственного университета. Серия: Системный анализ и информационные технологии,""
123,2078-1962,2713-2625,Вестник восстановительной медицины,""
124,1992-2043,"",Вестник гражданского права,""
125,2226-0781,2686-942X,Вестник гражданского процесса,""
126,0042-4609,2313-6294,Вестник дерматологии и венерологии,""
127,0321-0391,"",Вестник древней истории,""
128,"",2221-1616,Вестник Института социологии,""
129,2073-0462,"",Вестник Казанского государственного аграрного университета,""
130,1816-5524,1816-5532,Вестник Камчатской региональной организации Учебно-научный центр. Серия: Науки о Земле,""
131,1819-4036,"",Вестник КрасГАУ,""
132,1995-2732,2412-9003,Вестник Магнитогорского государственного технического университета им. Г.И. Носова,""
133,0042-4633,"",Вестник машиностроения,""
134,2071-8160,2541-9099,Вестник МГИМО Университета,""
135,1997-0935,2304-6600,Вестник МГСУ,""
136,1996-7845,2542-2081,"Вестник международных организаций: образование, наука, новая",""
137,0869-6101,"",экономика Вестник Московского авиационного института,""
138,1812-3368,2686-8768,Вестник Московского государственного технического университета им. Н.Э. Баумана. Серия Естественные науки,""
139,0236-3941,2413-6247,Вестник Московского государственного технического университета им. Н.Э. Баумана. Серия Машиностроение,""
140,0236-3933,2687-0614,Вестник Московского государственного технического университета им. Н.Э. Баумана. Серия Приборостроение,""
141,"",0579-9368,Вестник Московского университета. Серия 1: Математика. Механика,""
142,0320-8079,2658-3526,Вестник Московского университета. Серия 10: Журналистика,""
143,0868-4871,"",Вестник Московского университета. Серия 12: Политические науки,""
144,0137-0936,0137-0936,Вестник Московского университета. Серия 14: Психология,""
145,"",0137-0782,Вестник Московского университета. Серия 15: Вычислительная математика и кибернетика,""
146,0137-0952,"",Вестник Московского университета. Серия 16: Биология,""
147,0137-0944,"",Вестник Московского университета. Серия 17: Почвоведение,""
148,2074-1588,"",Вестник Московского университета. Серия 19: Лингвистика и межкультурная коммуникация,""
149,"",0579-9384,Вестник Московского университета. Серия 2: Химия,""
150,"",2074-8132,Вестник Московского университета. Серия 23: Антропология,""
151,"",0579-9392,Вестник Московского университета. Серия 3: Физика. Астрономия,""
152,0579-9406,"",Вестник Московского университета. Серия 4: Геология,""
153,"",0579-9414,Вестник Московского университета. Серия 5: География,""
154,0130-0105,"",Вестник Московского университета. Серия 6: Экономика,""
155,0201-7385,"",Вестник Московского университета. Серия 7: Философия,""
156,"",0130-0083,Вестник Московского университета. Серия 8: История,""
157,0130-0075,"",Вестник Московского университета. Серия 9: Филология,""
158,2074-6822,"","Вестник неврологии, психиатрии и нейрохирургии",""
159,1818-7919,"","Вестник Новосибирского государственного университета. Серия: История, филология",""
160,1818-7935,"",Вестник Новосибирского государственного университета. Серия: Лингвистика и межкультурная коммуникация,""
161,2312-1300,"",Вестник Омского университета. Серия: Исторические науки,""
162,0042-4668,2309-1274,Вестник оториноларингологии,""
163,0042-465X,2309-1282,Вестник офтальмологии,""
164,2224-9893,2226-1869,Вестник Пермского национального исследовательского политехнического университета. Механика,""
165,2219-3111,"",Вестник Пермского университета. История,""
166,2218-1067,"",Вестник Пермского университета. Политология,""
167,1991-640X,2409-4692,Вестник Православного Свято-Тихоновского гуманитарного университета. Серия 1: Богословие. Философия. Религиоведение,""
168,1991-6434,2409-4811,Вестник Православного Свято-Тихоновского гуманитарного университета. Серия 2: История. История Русской Православной Церкви,""
169,1991-6485,2409-4897,Вестник Православного Свято-Тихоновского гуманитарного университета. Серия 3: Филология,""
170,1726-9865,1726-9795,Вестник РОНЦ им. Н. Н. Блохина РАМН,2018
171,2686-9667,"",Вестник российских университетов. Математика,""
172,2312-797X,2312-7988,Вестник Российского университета дружбы народов. Серия: Агрономия и животноводство,""
173,2313-0660,2313-0679,Вестник Российского университета дружбы народов. Серия: Международные отношения,""
174,2313-1438,2313-1446,Вестник Российского университета дружбы народов. Серия: Политология,""
175,2313-1683,2313-1705,Вестник Российского университета дружбы народов. Серия: Психология и педагогика,""
176,2313-2272,2408-8897,Вестник Российского университета дружбы народов. Серия: Социология,""
177,2313-2337,2408-9001,Вестник Российского университета дружбы народов. Серия: Юридические науки,""
178,2587-6090,2587-8956,Вестник Российского фонда фундаментальных исследований. Гуманитарные и общественные науки,""
179,0869-6047,2414-3545,Вестник Российской академии медицинских наук,""
180,0869-5873,"",Вестник Российской академии наук,""
181,1682-7392,2687-1424,Вестник Российской Военно-медицинской академии,""
182,2500-2082,"",Вестник российской сельскохозяйственной науки,""
183,1991-8615,2310-7081,Вестник Самарского государственного технического университета. Серия: Физико-математические науки,""
184,2542-0453,2541-7533,"Вестник Самарского университета. Аэрокосмическая техника, технологии и машиностроение",""
185,2221-3007,2542-2243,Вестник Санкт-Петербургского университета. Искусствоведение,""
186,1812-9323,2541-9390,Вестник Санкт-Петербургского университета. История,""
187,1025-3106,2587-5884,Вестник Санкт-Петербургского университета. Математика. Механика. Астрономия,""
188,1818-2909,2587-5876,Вестник Санкт-Петербургского университета. Медицина,""
189,1605-7953,2587-5868,Вестник Санкт-Петербургского университета. Менеджмент,""
190,2541-9668,2587-585X,Вестник Санкт-Петербургского университета. Науки о Земле,""
191,2074-1243,2587-5833,Вестник Санкт-Петербургского университета. Право,""
192,1811-9905,2542-2251,Вестник Санкт-Петербургского университета. Прикладная математика. Информатика. Процессы управления,""
193,2658-3607,2587-5817,Вестник Санкт-Петербургского университета. Психология,""
194,2541-9374,2587-5809,Вестник Санкт-Петербургского университета. Социология,""
195,1026-356X,2542-226X,Вестник Санкт-Петербургского университета. Экономика,""
196,2541-9358,2541-9366,Вестник Санкт-Петербургского университета. Язык и литература,""
197,2411-1759,"",Вестник СГУГиТ (Сибирского государственного университета геосистем и технологий),""
198,2618-7116,2618-9704,Вестник Северо-Западного государственного медицинского университета им. И.И. Мечникова,""
199,1561-7793,1561-803X,Вестник Томского государственного университета,""
200,1998-8591,2311-2077,Вестник Томского государственного университета. Биология,""
201,1998-8613,2311-2387,Вестник Томского государственного университета. История,""
202,1998-8621,2311-2255,Вестник Томского государственного университета. Математика и механика,""
203,1998-6645,2310-5046,Вестник Томского государственного университета. Филология,""
204,1998-863X,2311-2395,Вестник Томского государственного университета. Философия. Социология. Политология,""
205,0869-8678,"",Вестник травматологии и ортопедии им. Н.Н. Приорова,""
206,1995-1191,2412-6160,Вестник трансплантологии и искусственных органов,""
207,1994-9197,2076-5959,Вестник Удмуртского университета. Математика. Механика. Компьютерные науки,""
208,1816-4501,"",Вестник Ульяновской государственной сельскохозяйственной академии,""
209,"",2308-6424,Вестник урологии,""
210,0042-4625,2686-7370,Вестник хирургии им. И.И. Грекова,""
211,2500-2643,"",Вестник экономического правосудия Российской Федерации,""
212,2305-9052,2410-7034,Вестник Южно-Уральского государственного университета. Серия: Вычислительная математика и информатика,""
213,2075-809X,2409-6547,Вестник Южно-Уральского государственного университета. Серия: Математика. Механика. Физика,""
214,1990-8512,2409-1057,Вестник Южно-Уральского государственного университета. Серия: Энергетика,""
215,0042-4846,"",Ветеринария,""
216,1814-9588,"",Ветеринария и кормление,""
217,2071-8020,"",Ветеринария Кубани,""
218,2304-196X,2658-6959,Ветеринария сегодня,""
219,0132-3776,"",Византийский временник,""
220,1683-3414,1814-0807,Владикавказский математический журнал,""
221,0321-0596,"",Водные ресурсы,""
222,0026-9050,"",Военно-медицинский журнал,""
223,0202-3822,"",Вопросы атомной науки и техники. Серия: Термоядерный синтез,""
224,1560-9596,2587-7313,"Вопросы биологической, медицинской и фармацевтической химии",""
225,0507-4088,2411-2097,Вопросы вирусологии,""
226,1726-1678,2414-9152,"Вопросы гинекологии, акушерства и перинатологии",""
227,1999-5431,2409-5095,Вопросы государственного и муниципального управления,""
228,2224-5448,2414-9004,Вопросы диетологии,""
229,0132-2826,2311-9586,Вопросы инженерной сейсмологии,""
230,0205-9606,"",Вопросы истории естествознания и техники,""
231,0042-8752,"",Вопросы ихтиологии,""
232,2311-3456,"",Вопросы кибербезопасности,""
233,0042-8787,2309-1355,"Вопросы курортологии, физиотерапии и лечебной физической культуры",""
234,0042-8795,"",Вопросы литературы,""
235,1994-6716,"",Вопросы материаловедения,""
236,0234-0623,"",Вопросы наркологии,""
237,0042-8817,2309-1681,Вопросы нейрохирургии им. Н.Н. Бурденко,""
238,1814-9545,2412-4354,Вопросы образования,""
239,0507-3758,"",Вопросы онкологии,""
240,1994-2400,1994-2451,Вопросы ономастики,""
241,0042-8833,2658-7440,Вопросы питания,""
242,0042-8841,"",Вопросы психологии,""
243,1682-5527,1682-5535,Вопросы современной педиатрии,""
244,2313-6383,"",Вопросы статистики,""
245,0042-8744,"",Вопросы философии,""
246,0042-8736,"",Вопросы экономики,""
247,0373-658X,"",Вопросы языкознания,""
248,0869-1908,"",Восток. Афро-Азиатские общества: история и современность,""
249,1811-0193,"",Врач и информационные технологии,""
250,1994-6260,"",Все материалы. Энциклопедический справочник,""
251,2071-2499,"",Все о мясе,""
252,0203-0306,"",Вулканология и сейсмология,""
253,2308-1120,2412-9844,Высокомолекулярные соединения. Серия А,""
254,2308-1139,2412-9852,Высокомолекулярные соединения. Серия Б,""
255,2308-1147,2412-9860,Высокомолекулярные соединения. Серия С,""
256,1999-6691,"",Вычислительная механика сплошных сред,""
257,"",1726-3522,Вычислительные методы и программирование,""
258,1560-7534,2313-691X,Вычислительные технологии,""
259,"",2304-7380,Гелиогеофизические исследования,""
260,0234-5730,2411-3042,Гематология и трансфузиология,""
261,0016-6758,"",Генетика,""
262,1028-4427,2542-131X,Гений ортопедии,""
263,2313-1829,2500-2562,Гены и Клетки,""
264,2079-7877,"",Географический вестник,""
265,0206-1619,"",География и природные ресурсы,""
266,0016-7126,2587-8492,Геодезия и картография,""
267,1609-364X,"",Геоинформатика,""
268,0016-7886,"",Геология и геофизика,""
269,0016-7894,2587-8263,Геология нефти и газа,""
270,0016-7770,"",Геология рудных месторождений,""
271,2413-5011,"","Геология, геофизика и разработка нефтяных и газовых месторождений",""
272,0016-7940,"",Геомагнетизм и аэрономия,""
273,0435-4281,2658-4530,Геоморфология,""
274,0016-853X,"",Геотектоника,""
275,1681-4568,"",Геофизика,""
276,1818-3735,2311-9543,Геофизические исследования,""
277,1811-0045,2311-9578,Геофизические процессы и биосфера,""
278,0016-7525,"",Геохимия,""
279,0869-7809,"","Геоэкология. Инженерная геология, гидрогеология, геокриология",""
280,0016-9900,2412-0650,Гигиена и санитария,""
281,2618-9631,"",Гидрометеорологические исследования и прогнозы,""
282,0016-9714,"",Гидротехническое строительство,""
283,2079-5696,2079-5831,Гинекология,""
284,0869-7035,2075-0927,Гироскопия и навигация,""
285,1026-9452,"",Государство и право,""
286,0236-2791,2410-8685,Грудная и сердечно-сосудистая хирургия,""
287,1608-845X,"",Дальневосточный математический журнал,""
288,1992-7185,"",Датчики и системы,""
289,0202-1633,"",Двигателестроение,""
290,"",2409-2274,Демографическое обозрение,""
291,0130-3090,"",Деньги и кредит,""
292,1560-9510,2412-0677,Детская хирургия,""
293,1810-0686,2410-8855,Детские болезни сердца и сосудов,""
294,2072-8107,2618-8139,Детские инфекции,""
295,0130-3082,"",Дефектоскопия,""
296,1814-4632,"",Деформация и разрушение материалов,""
297,2073-7564,"",Диалог со временем,""
298,0234-0860,2305-3143,Дискретная математика,""
299,1560-7542,"",Дискретный анализ и исследование операций,""
300,1817-9568,"",Дискурс-Пи,""
301,0374-0641,"",Дифференциальные уравнения,""
302,2305-2260,2309-1363,Доказательная гастроэнтерология,""
303,0869-5652,"",Доклады Академии наук,2019
304,2686-9543,"","Доклады Российской академии наук. Математика, информатика, процессы управления",""
305,2686-7389,"",Доклады Российской академии наук. Науки о жизни,""
306,2686-7397,"",Доклады Российской академии наук. Науки о Земле,""
307,2686-7400,"","Доклады Российской академии наук. Физика, технические науки",""
308,2686-9535,"","Доклады Российской академии наук. Химия, науки о материалах",""
309,1727-2378,"",Доктор.Ру,""
310,0235-2451,"",Достижения науки и техники АПК,""
311,2071-9574,"",Древняя Русь. Вопросы медиевистики,""
312,1684-4866,"",Евразиатский энтомологический журнал,""
313,2224-9443,"",Ежегодник финно-угорских исследований,""
314,2311-0740,2311-0759,Жанры речи,""
315,1991-3966,2499-9644,Жидкие кристаллы и их практическое использование,""
316,0044-4472,"",Жилищное строительство,""
317,1684-0461,1683-9366,Журнал акушерства и женских болезней,""
318,0044-4502,"",Журнал аналитической химии,""
319,0044-4677,"",Журнал высшей нервной деятельности им. И.П. Павлова,""
320,0044-4669,"",Журнал вычислительной математики и математической физики,""
321,2072-6732,2499-9865,Журнал инфектологии,""
322,1727-0634,"",Журнал исследований социальной политики,""
323,0372-9311,"","Журнал микробиологии, эпидемиологии и иммунобиологии",""
324,1997-7298,2309-4729,Журнал неврологии и психиатрии им. C.C. Корсакова,""
325,0044-457X,"",Журнал неорганической химии,""
326,2221-2264,"",Журнал новой экономической ассоциации,""
327,0044-4596,"",Журнал общей биологии,""
328,0044-460X,0044-460X,Журнал общей химии,""
329,0514-7492,"",Журнал органической химии,""
330,0514-7506,"",Журнал прикладной спектроскопии,""
331,0044-4618,"",Журнал прикладной химии,""
332,"",1684-1719,Журнал радиоэлектроники,""
333,1605-6590,2500-4298,Журнал российского права,""
334,1997-1389,2313-5530,Журнал Сибирского федерального университета. Серия: Биология,""
335,1997-1397,2313-6022,Журнал Сибирского федерального университета. Серия: Математика и физика,""
336,1999-494X,2313-6057,Журнал Сибирского федерального университета. Серия: Техника и технологии,""
337,1029-8053,2306-6946,Журнал социологии и социальной антропологии,""
338,1997-0838,"",Журнал стресс-физиологии и биохимии,""
339,0136-7463,2542-0976,Журнал структурной химии,""
340,0044-4642,"",Журнал технической физики,""
341,0044-4537,"",Журнал физической химии,""
342,0044-4529,"",Журнал эволюционной биохимии и физиологии,""
343,0044-4510,"",Журнал экспериментальной и теоретической физики,""
344,1028-6861,"",Заводская лаборатория. Диагностика материалов,""
345,0869-4400,"",Закон,""
346,0869-6055,2658-4352,Записки Российского минералогического общества,""
347,2219-5238,2619-0788,Здоровье населения и среда обитания,""
348,0044-197X,2412-0723,Здравоохранение Российской Федерации,""
349,0044-3913,"",Земледелие,""
350,2079-8725,"",Зерновое хозяйство России,""
351,2308-152X,2313-6197,Золотоордынское обозрение,""
352,0044-5134,"",Зоологический журнал,""
353,0235-2478,"",Зоотехния,""
354,1026-3500,2658-784X,Известия Академии наук. Серия химическая,""
355,1993-8985,2658-4794,Известия высших учебных заведений России. Радиоэлектроника,""
356,0579-2975,"",Известия высших учебных заведений. Авиационная техника,""
357,0536-101X,"",Известия высших учебных заведений. Геодезия и аэрофотосъемка,""
358,0536-1036,"",Известия высших учебных заведений. Лесной журнал,""
359,0021-3446,2076-4626,Известия высших учебных заведений. Математика,""
360,0536-1044,"",Известия высших учебных заведений. Машиностроение,""
361,0579-3009,"",Известия высших учебных заведений. Пищевая технология,""
362,2072-3040,"",Известия высших учебных заведений. Поволжский регион. Физико-математические науки,""
363,1997-308X,2412-8767,Известия высших учебных заведений. Порошковая металлургия и функциональные покрытия,""
364,0021-3454,2500-0381,Известия высших учебных заведений. Приборостроение,""
365,0869-6632,2542-1905,Известия высших учебных заведений. Прикладная нелинейная динамика,""
366,0021-3462,"",Известия высших учебных заведений. Радиофизика,""
367,1026-2237,"",Известия высших учебных заведений. Северо-Кавказский регион. Серия: Естественные науки,""
368,0579-2991,2500-3070,Известия высших учебных заведений. Серия: Химия и химическая технология,""
369,0536-1052,"",Известия высших учебных заведений. Строительство,""
370,0021-3411,"",Известия высших учебных заведений. Физика,""
371,0021-3438,2412-8783,Известия высших учебных заведений. Цветная металлургия,""
372,0368-0797,2410-2091,Известия высших учебных заведений. Черная металлургия,""
373,0136-3360,"",Известия высших учебных заведений. Электромеханика,""
374,1561-5405,2587-9960,Известия высших учебных заведений. Электроника,""
375,0204-3327,"",Известия высших учебных заведений. Ядерная энергетика,""
376,1997-7670,2541-8785,Известия Иркутского государственного университета. Серия: Математика,""
377,2073-3402,"",Известия Иркутского государственного университета.Серия: Науки о Земле,""
378,2071-9485,"",Известия Нижневолжского агроуниверситетского комплекса: Наука и высшее профессиональное образование,""
379,1024-7084,"",Известия Российской академии наук. Механика жидкости и газа,""
380,1026-3519,"",Известия Российской академии наук. Механика твердого тела,""
381,1026-3470,"",Известия Российской академии наук. Серия биологическая,""
382,2587-5566,2658-6975,Известия Российской академии наук. Серия географическая,""
383,1605-7880,2413-7715,Известия Российской академии наук. Серия литературы и языка,""
384,1607-0046,2587-5906,Известия Российской академии наук. Серия математическая,""
385,0367-6765,"",Известия Российской академии наук. Серия физическая,""
386,1029-3620,"",Известия Российской академии наук. Теория и системы управления,""
387,0002-3515,1555-628X,Известия Российской академии наук. Физика атмосферы и океана,""
388,0002-3310,"",Известия Российской академии наук. Энергетика,""
389,0869-6071,"",Известия Русского географического общества,""
390,1816-9791,2541-9005,Известия Саратовского университета. Новая серия. Серия: Математика. Механика. Информатика,""
391,1817-3020,2542-193X,Известия Саратовского университета. Новая серия. Серия: Физика,""
392,0021-342X,"",Известия Тимирязевской сельскохозяйственной академии,""
393,2227-2283,2587-6929,Известия Уральского федерального университета. Серия 2: Гуманитарные науки,""
394,0368-1025,"",Измерительная техника,""
395,0206-4952,2412-1312,Иммунология,""
396,2306-9015,2658-6452,Индоевропейское языкознание и классическая филология,""
397,1993-5056,2587-8247,Инженерная геология,""
398,2072-9995,"",Инженерная физика,""
399,1810-2883,"",Инженерное образование,""
400,0021-0285,"",Инженерно-физический журнал,""
401,1729-9225,2414-9691,Инфекционные болезни,""
402,2305-3496,2658-7394,"Инфекционные болезни: новости, мнения, обучение",""
403,2220-7619,2313-7398,Инфекция и иммунитет,""
404,2713-3192,2713-3206,Информатика и автоматизация,""
405,1992-2264,2310-9912,Информатика и ее применения,""
406,0234-0453,2658-7769,Информатика и образование,""
407,1606-1330,1605-9921,Информационное общество,""
408,"",1819-5822,Информационные процессы,""
409,1684-6400,"",Информационные технологии,""
410,2071-8632,"",Информационные технологии и вычислительные системы,""
411,"",2658-5618,ИНЭОС OPEN,""
412,2071-8594,"",Искусственный интеллект и принятие решений,""
413,0205-9614,"",Исследование Земли из космоса,""
414,2409-2231,2410-1893,Исследования и практика в медицине,""
415,0869-6322,"",Исторический архив,""
416,1814-3326,"",Кавказский энтомологический бюллетень,""
417,0368-4814,2587-9359,Казанский медицинский журнал,""
418,0207-6918,2310-3701,Кантовский сборник,""
419,1728-8800,2619-0125,Кардиоваскулярная терапия и профилактика,""
420,2077-6764,"",Кардиологический вестник,""
421,0022-9040,"",Кардиология,""
422,1996-6385,2309-4737,Кардиология и сердечно-сосудистая хирургия,""
423,1816-0387,2413-6476,Катализ в промышленности,""
424,0022-9466,"",Каучук и резина,""
425,0368-7147,"",Квантовая электроника,""
426,0453-8811,"",Кинетика и катализ,""
427,1813-7008,"",Клеи. Герметики. Технологии,""
428,1814-3490,2413-4678,Клеточные технологии в биологии и медицине,""
429,1997-2849,2309-4877,Клиническая дерматология и венерология,""
430,"",2304-0394,Клиническая и специальная психология,""
431,2226-5988,2686-6749,Клиническая и экспериментальная морфология,""
432,1995-5472,2310-3787,Клиническая и экспериментальная тиреоидология,""
433,0869-2084,"",Клиническая лабораторная диагностика,""
434,1684-4386,2686-9586,Клиническая микробиология и антимикробная химиотерапия,""
435,2075-3594,"",Клиническая нефрология,""
436,2220-3095,2618-8627,Клиническая практика,""
437,1811-153X,"",Клиническая стоматология,""
438,0869-5490,"",Клиническая фармакология и терапия,""
439,1814-6910,2410-9134,Клиническая физиология кровообращения,""
440,2079-9667,"","Клинические перспективы гастроэнтерологии, гепатологии",2015
441,0023-2815,"",Кокс и химия,""
442,0023-2912,"",Коллоидный журнал,""
443,2073-7556,2686-7303,Колопроктология,""
444,2306-1278,2587-9537,Комплексные проблемы сердечно-сосудистых заболеваний,""
445,1999-7590,"",Композиты и наноструктуры,""
446,0134-2452,2412-6179,Компьютерная оптика,""
447,2076-7633,2077-6853,Компьютерные исследования и моделирование,""
448,1606-867X,"",Конденсированные среды и межфазные границы,""
449,2073-2562,"",Конструкции из композиционных материалов,""
450,0201-7032,"",Контроль. Диагностика,""
451,2542-0240,2587-9324,"Контуры глобальных трансформаций: политика, экономика, право",""
452,0132-344X,"",Координационная химия,""
453,1562-0417,"",Кормопроизводство,""
454,"",2073-0438,Корпоративные финансы,""
455,1813-7016,"","Коррозия: материалы, защита",""
456,0023-4206,"",Космические исследования,""
457,1994-3210,"",Космонавтика и ракетостроение,""
458,0130-2620,"",Краткие сообщения Института археологии,""
459,0455-0595,"",Краткие сообщения по физике ФИАН,""
460,1997-3187,2410-9169,Креативная кардиология,""
461,1560-7496,"",Криосфера Земли,""
462,0023-4761,"",Кристаллография,""
463,1608-6228,2541-9544,Кубанский научный медицинский вестник,""
464,0234-8241,"",Кузнечно-штамповочное производство. Обработка материалов давлением,""
465,1816-5435,2224-8935,Культурно-историческая психология,""
466,1998-5746,1998-5754,Курский научно-практический вестник Человек и его здоровье,""
467,2071-8004,"",Лазерная медицина,""
468,0044-748X,"",Латинская Америка,""
469,2076-6734,2412-3765,Лёд и снег,""
470,2542-1468,"",Лесной вестник. Forestry Bulletin,""
471,0024-1148,"",Лесоведение,""
472,2071-5315,"",Лечебное дело,""
473,0024-449X,"",Литейное производство,""
474,0024-497X,"",Литология и полезные ископаемые,""
475,1681-9004,2500-302X,Литосфера,""
476,0869-5377,2499-9628,Логос,""
477,1998-9539,"",Макрогетероциклы,""
478,1817-969X,1817-9746,Масс-спектрометрия,""
479,"",1994-6538,Математическая биология и биоинформатика,""
480,2074-9872,"",Математическая теория игр и ее приложения,""
481,2220-2617,2222-3193,Математические вопросы криптографии,""
482,0025-567X,2305-2880,Математические заметки,""
483,1560-750X,"",Математические труды,""
484,0368-8666,2305-2783,Математический сборник,""
485,0234-0879,"",Математическое моделирование,""
486,2309-3684,"",Математическое моделирование и численные методы,""
487,1684-579X,"",Материаловедение,""
488,"",2687-1300,Материаловедение. Энергетика,""
489,"",2713-2021,Материалы по археологии и истории античного и средневекового Причерноморья,""
490,1560-9537,2412-2092,Медико-социальная экспертиза и реабилитация,""
491,1026-9428,2618-8945,Медицина труда и промышленная экология,""
492,2073-7998,"",Медицинская генетика,""
493,1563-0625,2313-741X,Медицинская иммунология,""
494,0025-8326,2713-1777,Медицинская паразитология и паразитарные болезни,""
495,1024-6177,2618-9615,Медицинская радиология и радиационная безопасность,""
496,0025-8075,"",Медицинская техника,""
497,1810-200X,"",Медицинская физика,""
498,1608-4101,2687-1378,Медицинский академический журнал,""
499,2079-701X,2658-5790,Медицинский совет,""
500,2226-2059,2541-8548,Международное правосудие,""
501,1728-2756,1811-2773,Международные процессы,""
502,2072-2419,"",Международный вестник ветеринарии,""
503,"",2079-1100,Международный журнал исследований культуры,""
504,2587-6740,"",Международный сельскохозяйственный журнал,""
505,2218-1172,2218-1180,Мембраны и мембранные технологии,""
506,0026-0819,"",Металловедение и термическая обработка металлов,""
507,0026-0827,"",Металлург,""
508,0869-5733,"",Металлы,""
509,0130-2906,"",Метеорология и гидрология,""
510,1029-6670,"",Механика композиционных материалов и конструкций,""
511,1684-6427,2619-1253,"Мехатроника, автоматизация, управление",""
512,0026-3648,"",Микология и фитопатология,""
513,0026-3656,"",Микробиология,""
514,0544-1269,"",Микроэлектроника,""
515,2079-4665,2411-796X,МИР (Модернизация. Инновации. Развитие),""
516,1811-038X,1811-0398,Мир России. Социология. Этнология,""
517,0131-2227,"",Мировая экономика и международные отношения,""
518,1818-1015,2313-5417,Моделирование и анализ информационных систем,""
519,0026-8984,"",Молекулярная биология,""
520,0208-0613,"","Молекулярная генетика, микробиология и вирусология",""
521,1728-2918,2499-9490,Молекулярная медицина,""
522,1019-8946,"",Молочная промышленность,""
523,0026-9034,"",Молочное и мясное скотоводство,""
524,"",2219-5467,Мониторинг общественного мнения: экономические и социальные перемены,""
525,2499-9768,2499-9776,Морской биологический журнал,""
526,0233-7584,"",Морской гидрофизический журнал,""
527,1026-3543,"",Морфология,""
528,2618-8252,"",Мясная индустрия,""
529,1813-8586,"",Нано- и микросистемная техника,""
530,1993-8578,2687-0282,Наноиндустрия,""
531,2220-8054,2305-7971,"Наносистемы: физика, химия, математика",""
532,"",2075-8545,Нанотехнологии в строительстве: научный интернет-журнал,""
533,1561-7785,"",Народонаселение,""
534,2221-2701,2541-9595,Наука и технологии трубопроводного транспорта нефти и нефтепродуктов,""
535,0868-5886,2312-2951,Научное приборостроение,""
536,1995-4484,1995-4492,Научно-практическая ревматология,""
537,0548-0027,"",Научно-техническая информация. Серия 2: Информационные процессы и системы,""
538,2226-1494,2500-0373,"Научно-технический вестник информационных технологий, механики и оптики",""
539,1027-3689,2686-8601,Научные и технические библиотеки,""
540,"",2222-1816,Научный журнал Российского НИИ проблем мелиорации,""
541,1027-4898,2304-3067,Неврологический вестник,""
542,1560-9545,2413-0699,Неврологический журнал,2019
543,2074-2711,2310-1342,"Неврология, нейропсихиатрия, психосоматика",""
544,1027-8133,"",Нейрохимия,""
545,1683-3295,"",Нейрохирургия,""
546,0002-337X,"",Неорганические материалы,""
547,2222-8721,2413-0443,Нервно-мышечные болезни,""
548,2226-0757,"",Нервные болезни,""
549,1561-6274,2541-9439,Нефрология,""
550,1680-4422,2618-9801,Нефрология и диализ,""
551,"",2070-5379,Нефтегазовая геология. Теория и практика,""
552,2073-0128,"",Нефтегазовое дело,""
553,0028-2421,"",Нефтехимия,""
554,1562-2932,2708-0080,Нефть и Газ,""
555,0028-2448,"",Нефтяное хозяйство,""
556,0130-3864,"",Новая и новейшая история,""
557,2219-9659,2309-7973,Новейшая история России,""
558,0869-6365,2309-9968,Новое литературное обозрение,""
559,0568-5443,2687-1564,Новости систематики высших растений,""
560,2072-9316,"",Новый филологический вестник,""
561,1683-4100,2542-1875,Обзоры по клинической фармакологии и лекарственной терапии,""
562,2313-7053,"",Обозрение психиатрии и медицинской психологии имени В.М. Бехтерева,""
563,1994-6309,2541-819X,"Обработка металлов (технология, оборудование, инструменты)",""
564,1813-9779,2411-7110,Общая реаниматология,""
565,0869-0499,"",Общественные науки и современность,""
566,2071-8713,2306-5524,Ожирение и метаболизм,""
567,0030-1574,"",Океанология,""
568,1818-8346,2413-4023,Онкогематология,""
569,2305-218X,2309-4745,Онкология. Журнал им. П.А. Герцена,""
570,1726-9776,1996-1812,Онкоурология,""
571,0475-1450,"",Онтогенез,""
572,2223-9537,2313-1039,Онтология проектирования,""
573,0869-5695,"",Оптика атмосферы и океана,""
574,0030-4034,"",Оптика и спектроскопия,""
575,1023-5086,"",Оптический журнал,""
576,"",2312-5942,Организационная психология,""
577,2309-3994,2410-8731,"Ортопедия, травматология и восстановительная хирургия детского возраста",""
578,0030-6223,"","Основания, фундаменты и механика грунтов",""
579,0869-4427,"",Отечественные архивы,""
580,1998-7102,2412-5423,Офтальмологические ведомости,""
581,0235-4160,2312-4970,Офтальмохирургия,""
582,0031-031X,"",Палеонтологический журнал,""
583,0031-1847,"",Паразитология,""
584,1683-3759,1726-7269,Пародонтология,""
585,0031-2991,"",Патологическая физиология и экспериментальная терапия,""
586,1681-3472,2500-3119,Патология кровообращения и кардиохирургия,""
587,2079-7850,2587-6252,Педиатр,""
588,1727-5776,2500-3089,Педиатрическая фармакология,""
589,0031-403X,1990-2182,Педиатрия. Журнал им. Г.Н. Сперанского,""
590,2307-2873,2410-4140,Пермский аграрный вестник,""
591,1028-978X,"",Перспективные материалы,""
592,0869-5903,"",Петрология,""
593,0320-0108,"",Письма в Астрономический журнал,""
594,0320-0116,"",Письма в Журнал технической физики,""
595,1814-5957,1814-5973,Письма в журнал Физика элементарных частиц и атомного ядра,""
596,0370-274X,"",Письма в Журнал экспериментальной и теоретической физики,""
597,2218-5046,2410-3535,Письма о материалах,""
598,0235-2486,"",Пищевая промышленность,""
599,0554-2901,"",Пластические массы,""
600,1994-8603,"",Плодородие,""
601,1028-0960,"","Поверхность. Рентгеновские, синхротронные и нейтронные исследования",""
602,2306-4099,2500-2856,Поволжская Археология,""
603,1684-7318,2541-8963,Поволжский экологический журнал,""
604,1684-1301,"",Полет. Общероссийский научно-технический журнал,""
605,1026-9487,1684-0070,Полис. Политические исследования,""
606,1998-1775,"",Политическая наука,""
607,1818-4499,2618-9577,Политическая экспертиза: ПОЛИТЭКС,""
608,2078-5089,2587-5914,Полития: Анализ. Хроника. Прогноз (Журнал политической философии и социологии политики),""
609,0032-180X,"",Почвоведение,""
610,2072-8166,"",Право. Журнал Высшей школы экономики,""
611,1726-9814,"",Практическая онкология,""
612,2073-0004,"","Приборы и системы. Управление, контроль, диагностика",""
613,0032-8162,"",Приборы и техника эксперимента,""
614,0555-1099,"",Прикладная биохимия и микробиология,""
615,2071-0410,2311-2263,Прикладная дискретная математика,""
616,1993-8314,2687-0649,Прикладная информатика,""
617,0032-8235,"",Прикладная математика и механика,""
618,0869-5032,"",Прикладная механика и техническая физика,""
619,1996-0948,"",Прикладная физика,""
620,1993-7601,2410-6445,Прикладная эконометрика,""
621,2618-9712,2686-9683,Природные ресурсы Арктики и Субарктики,""
622,1997-6011,"",Природообустройство,""
623,0555-2648,2618-6713,Проблемы Арктики и Антарктики,""
624,"",2227-6548,"Проблемы археологии, этнографии, антропологии Сибири и сопредельных территорий",""
625,0131-2812,"",Проблемы Дальнего Востока,""
626,1992-0431,2658-316X,"Проблемы истории, филологии, культуры",""
627,1026-9479,2411-4642,Проблемы исторической поэтики,""
628,0235-7119,"",Проблемы машиностроения и надежности машин,""
629,0555-2923,"",Проблемы передачи информации,""
630,0868-6351,"",Проблемы прогнозирования,""
631,1814-9146,"",Проблемы прочности и пластичности,""
632,1025-7217,2309-4885,Проблемы репродукции,""
633,0869-866X,2412-2106,"Проблемы социальной гигиены, здравоохранения и истории медицины",""
634,1819-3161,"",Проблемы управления,""
635,1997-9258,"",Проблемы черной металлургии и материаловедения,""
636,0375-9660,2308-1430,Проблемы эндокринологии,""
637,0132-3474,"",Программирование,""
638,2220-3397,"",Программная инженерия,""
639,0236-235X,2311-2735,Программные продукты и системы,""
640,"",2079-3316,Программные системы: теория и приложения,""
641,0869-7019,"",Промышленное и гражданское строительство,""
642,1815-9834,2587-5957,Пространственная экономика,""
643,2074-9120,"",Профилактическая и клиническая медицина,""
644,2305-4948,2309-513X,Профилактическая медицина,""
645,2075-1761,"",Психиатрия и психофармакотерапия,""
646,1814-2052,2311-7273,Психологическая наука и образование,""
647,0205-9592,"",Психологический журнал,""
648,"",2222-5196,Психология и право,""
649,1813-8918,2541-9226,Психология. Журнал Высшей школы экономики,""
650,"",2587-6139,Психолого-педагогические исследования,""
651,2073-4999,"",Птица и птицепродукты,""
652,0033-3239,"",Птицеводство,""
653,0869-0189,2541-9617,Пульмонология,""
654,0869-8031,"",Радиационная биология. Радиоэкология,""
655,0131-3878,2412-950X,Радиация и риск (Бюллетень Национального радиационно- эпидемиологического регистра),""
656,0033-8486,"",Радиотехника,""
657,0033-8494,"",Радиотехника и электроника,""
658,0033-8311,"",Радиохимия,""
659,0235-0106,"",Расплавы,""
660,2073-0659,"",Растительность России,""
661,0033-9946,"",Растительные ресурсы,""
662,1819-6446,2225-3653,Рациональная фармакотерапия в кардиологии,""
663,0868-5169,"",Регион: Экономика и Социология,""
664,2072-2958,"",Региональная архитектура и строительство,""
665,2310-5305,2312-6612,Робототехника и техническая кибернетика,""
666,0869-6063,"",Российская археология,""
667,0869-5687,"",Российская история,""
668,2500-2627,"",Российская сельскохозяйственная наука,""
669,1992-7223,1993-4068,Российские нанотехнологии,""
670,1810-8830,"",Российский аллергологический журнал,""
671,1726-9784,1726-9792,Российский биотерапевтический журнал,""
672,1726-6122,2309-5148,Российский вестник акушера-гинеколога,""
673,2219-4061,2587-6554,"Российский вестник детской хирургии, анестезиологии и реаниматологии",""
674,"",1996-1499,Российский журнал биологических инвазий,""
675,1812-5123,2410-065X,Российский журнал биомеханики,""
676,2219-5297,2618-9860,Российский журнал боли,""
677,1382-4376,"","Российский журнал гастроэнтерологии, гепатологии, колопроктологии",""
678,1560-9588,2412-9097,Российский журнал кожных и венерических болезней,""
679,1729-7427,2618-6977,Российский журнал менеджмента,""
680,2075-1818,"","Российский журнал Проблемы ветеринарной санитарии, гигиены и экологии",""
681,1028-7221,"",Российский иммунологический журнал,""
682,1560-4071,2618-7620,Российский кардиологический журнал,""
683,0204-3475,2500-2546,Российский медико-биологический вестник имени академика И.П. Павлова,""
684,0869-2106,2412-9100,Российский медицинский журнал,""
685,1028-9984,2412-9119,Российский онкологический журнал,""
686,1998-8435,2541-7843,Российский паразитологический журнал,""
687,1560-9561,2413-2918,Российский педиатрический журнал,""
688,1560-957X,"",Российский психиатрический журнал,""
689,1812-1853,2411-5789,Российский психологический журнал,""
690,1728-2802,2413-2934,Российский стоматологический журнал,""
691,0869-8139,2658-655X,Российский физиологический журнал им. И.М. Сеченова,""
692,1024-6215,"",Российский химический журнал,""
693,0130-9757,"",Российский экономический журнал,""
694,"",2222-7415,Российский электронный журнал лучевой диагностики,""
695,1810-6439,"",Россия в глобальной политике,""
696,0131-6095,"",Русская литература,""
697,0131-6117,"",Русская речь,""
698,1681-1062,"",Русский язык в научном освещении,""
699,0235-2591,2618-9003,Садоводство и виноградарство,""
700,2072-0351,2072-0378,Сахарный диабет,""
701,2071-5234,"",Сварка и диагностика,""
702,0491-6441,"",Сварочное производство,""
703,1992-8130,"",Сверхкритические флюиды: теория и практика,""
704,0039-713X,"",Свиноводство,""
705,0131-6230,2312-6965,Сейсмические приборы,""
706,"",2618-9283,Сейсмостойкое строительство. Безопасность сооружений,""
707,0131-6397,2313-4836,Сельскохозяйственная биология,""
708,2073-7599,2618-6748,Сельскохозяйственные машины и технологии,""
709,0235-0092,"",Сенсорные системы,""
710,2312-461X,2312-4628,Сибирские исторические исследования,""
711,"",1813-3304,Сибирские электронные математические известия,""
712,0370-8799,2658-462X,Сибирский вестник сельскохозяйственной науки,""
713,1560-7526,"",Сибирский журнал вычислительной математики,""
714,1560-7518,"",Сибирский журнал индустриальной математики,""
715,2411-3468,"",Сибирский журнал чистой и прикладной математики,2018
716,0037-4474,"",Сибирский математический журнал,""
717,2410-2512,2410-2520,Сибирский научный медицинский журнал,""
718,1814-4861,2312-3168,Сибирский онкологический журнал,""
719,1813-7083,"",Сибирский филологический журнал,""
720,0869-8619,"",Сибирский экологический журнал,""
721,2075-082X,2542-2189,Системные гипертензии,""
722,0869-6527,2311-0325,Системы и средства информатики,""
723,0202-2397,2618-9518,Скандинавская филология,""
724,0869-544X,"",Славяноведение,""
725,2225-5346,2686-8989,Слово.ру: балтийский акцент,""
726,1814-6090,2542-1964,Современная герпетология,""
727,0201-7083,"",Современная Европа,""
728,"",2304-4977,Современная зарубежная психология,""
729,1996-7012,2310-158X,Современная ревматология,""
730,2070-7401,2411-0280,Современные проблемы дистанционного зондирования Земли из космоса,""
731,2226-5929,2226-5937,Современные проблемы математики,2018
732,2076-4243,2309-995X,Современные технологии в медицине,""
733,"",2712-9640,Солнечно-земная физика,""
734,1680-0613,"",Сорбционные и хроматографические процессы,""
735,0869-4893,"",Социальная и клиническая психиатрия,""
736,2221-1527,2311-7052,Социальная психология и общество,""
737,"",2071-5021,Социальные аспекты здоровья населения,""
738,2308-6416,2413-6891,Социологическая наука и социальная практика,""
739,0132-1625,"",Социологические исследования,""
740,1562-2495,1684-1581,Социологический журнал,""
741,1728-192X,1728-1938,Социологическое обозрение,""
742,2074-0492,2413-144X,Социология власти,""
743,1994-8964,"","Социология: методология, методы, математическое моделирование",""
744,2223-2524,2587-9014,Спортивная медицина: наука и практика,""
745,1812-7126,2542-1417,Сравнительное конституционное обозрение,""
746,0131-8780,"",Средние века,""
747,0038-920X,"",Сталь,""
748,0038-9692,"",Стандарты и качество,""
749,0131-9582,"",Стекло и керамика,""
750,0039-1735,2309-5318,Стоматология,""
751,0869-592X,"",Стратиграфия. Геологическая корреляция,""
752,0039-2383,0039-2383,Строительная механика и расчет сооружений,""
753,1815-5235,2587-8700,Строительная механика инженерных конструкций и сооружений,""
754,0585-430X,2658-6991,Строительные материалы,""
755,2073-7416,"",Строительство и реконструкция,""
756,"",2304-6295,Строительство уникальных зданий и сооружений,""
757,0039-4580,"",Судостроение,""
758,2686-6730,"","США и Канада: экономика, политика, культура",""
759,2073-4018,"",Сыроделие и маслоделие,""
760,2542-0720,"",Таврический вестник аграрной науки,""
761,0564-6162,2305-3135,Теоретическая и математическая физика,""
762,1995-4301,2618-8406,Теоретическая и прикладная экология,""
763,0040-3571,"",Теоретические основы химической технологии,""
764,0040-361X,"",Теория вероятностей и ее применения,""
765,0040-3601,"",Теория и практика физической культуры,""
766,0040-3644,"",Теплофизика высоких температур,""
767,0869-8635,"",Теплофизика и аэромеханика,""
768,0040-3636,"",Теплоэнергетика,""
769,0040-3660,2309-5342,Терапевтический архив,""
770,2072-9642,"",Техника и оборудование для села,""
771,2074-9414,2313-1748,Техника и технология пищевых производств,""
772,2076-0655,"",Техника и технология силикатов,""
773,2070-0997,"",Технологии живых систем,""
774,1815-2600,"",Технологии нефти и газа,""
775,1684-2499,"",Технология металлов,""
776,0207-4028,"",Тихоокеанская геология,""
777,2307-6119,"",Томский журнал лингвистических и антропологических исследований,""
778,2410-6593,2686-7575,Тонкие химические технологии,""
779,2311-2905,2542-0933,Травматология и ортопедия России,""
780,2410-6658,"",Традиционная культура,""
781,0202-4977,"",Трение и износ,""
782,"",2307-6046,Труды ВИАМ,""
783,0376-1274,"",Труды Главной геофизической обсерватории им. А.И. Воейкова,""
784,0206-0477,"",Труды Зоологического института РАН,""
785,0134-4889,2658-4786,Труды института математики и механики УрО РАН,""
786,2079-8156,2220-6426,Труды Института системного программирования РАН,""
787,2542-2324,2618-8244,Труды Крыловского государственного научного центра,""
788,1999-1703,"",Труды Кубанского государственного аграрного университета,""
789,0371-9685,"",Труды Математического института имени В.А. Стеклова,""
790,2072-6759,"",ТРУДЫ МФТИ. Труды Московского физико-технического института (национального исследовательского университета),""
791,2227-8834,2619-0982,"Труды по прикладной ботанике, генетике и селекции",""
792,2073-9028,"",Труды Российского государственного университета нефти и газа имени И.М. Губкина,""
793,2075-1230,2542-1506,Туберкулез и болезни легких,""
794,1999-6640,1999-6659,Университетское управление: практика и анализ,""
795,1819-2440,1819-2467,Управление большими системами: сборник трудов,""
796,1813-1336,"",Упрочняющие технологии и покрытия,""
797,2079-1003,2500-2902,Урало-алтайские исследования,""
798,1728-9718,"",Уральский исторический вестник,""
799,1728-2985,2414-9020,Урология,""
800,1561-9125,"",Успехи геронтологии,""
801,0042-1316,2305-2872,Успехи математических наук,""
802,0042-1324,"",Успехи современной биологии,""
803,0301-1798,"",Успехи физиологических наук,""
804,0042-1294,1996-6652,Успехи физических наук,""
805,0042-1308,1817-5651,Успехи химии,""
806,2074-1863,2074-1871,Уфимский математический журнал,""
807,2542-064X,2500-218X,Ученые записки Казанского университета. Серия: Естественные науки,""
808,2541-7746,2500-2198,Ученые записки Казанского университета. Серия: Физико- математические науки,""
809,0321-3439,"",Ученые записки ЦАГИ,""
810,2312-2862,"",Фармакоэкономика: теория и практика,""
811,0430-6228,"",Физика горения и взрыва,""
812,0002-3337,"",Физика Земли,""
813,0015-3222,"",Физика и техника полупроводников,""
814,0015-3214,"",Физика и химия обработки материалов,""
815,0132-6651,"",Физика и химия стекла,""
816,0015-3230,"",Физика металлов и металловедение,""
817,0132-6414,1816-0328,Физика низких темпеpатуp,""
818,0367-2921,"",Физика плазмы,""
819,0367-3294,"",Физика твердого тела,""
820,0015-3273,"",Физико-технические проблемы разработки полезных ископаемых,""
821,0044-1856,"",Физикохимия поверхности и защита материалов,""
822,0015-3303,"",Физиология растений,""
823,0131-1646,"",Физиология человека,""
824,1681-3456,2413-2969,"Физиотерапия, бальнеология и реабилитация",""
825,1683-805X,"",Физическая мезомеханика,""
826,2225-4293,2712-7885,Физические основы приборостроения,""
827,1560-7488,"",Философия науки,""
828,2413-9084,2658-7297,Философия науки и техники,""
829,2072-0726,2658-4883,Философский журнал,""
830,2075-1990,2658-5332,Финансовый журнал,""
831,2587-5671,2587-7089,Финансы: теория и практика,""
832,2076-2577,2541-982X,Финно-угорский мир,""
833,1997-6976,2309-5601,Флебология,""
834,1995-459X,2312-9972,Форсайт,""
835,1993-7296,2686-844X,Фотоника,""
836,2073-6673,"",Фундаментальная и прикладная гидрофизика,""
837,1811-1416,"",Фундаментальные проблемы современного материаловедения,""
838,0374-1990,2305-2899,Функциональный анализ и его приложения,""
839,0023-1134,"",Химико-фармацевтический журнал,""
840,2713-2854,"",Химическая промышленность сегодня,""
841,1684-5811,"",Химическая технология,""
842,0207-401X,"",Химическая физика,""
843,1727-0227,1727-0529,Химическая физика и мезоскопия,""
844,0869-8538,1817-1818,Химия в интересах устойчивого развития,""
845,0023-1193,"",Химия высоких энергий,""
846,0023-1169,"",Химия и технология топлив и масел,""
847,1029-5151,1029-5143,Химия растительного сырья,""
848,0023-1177,"",Химия твердого топлива,""
849,1810-8997,2313-1497,Хирургия позвоночника,""
850,0023-1207,2309-5628,Хирургия. Журнал им. Н.И. Пирогова,""
851,2072-9669,2658-767X,Хранение и переработка сельхозсырья,""
852,0041-3771,"",Цитология,""
853,1684-2634,"",Цифровая обработка сигналов,""
854,2226-8383,"",Чебышевский сборник,""
855,0236-2007,"",Человек,""
856,0131-7652,2686-7605,ЭКО,""
857,1811-0932,2411-9202,Экологическая генетика,""
858,2072-9952,"",Экологические системы и приборы,""
859,0367-0597,"",Экология,""
860,1816-0395,2413-6042,Экология и промышленность России,""
861,2073-2589,"",Экология промышленного производства,""
862,1728-0869,"",Экология человека,""
863,0424-7388,"",Экономика и математические методы,""
864,1994-5124,2411-2658,Экономическая политика,""
865,"",1726-3247,Экономическая социология,""
866,1813-8691,1813-8705,Экономический журнал Высшей школы экономики,""
867,1682-8658,"",Экспериментальная и клиническая гастроэнтерология,""
868,2222-8543,"",Экспериментальная и клиническая урология,""
869,0869-2092,"",Экспериментальная и клиническая фармакология,""
870,2072-7593,2311-7036,Экспериментальная психология,""
871,1560-4128,"",Электромагнитные волны и электронные системы,""
872,1684-5781,"",Электрометаллургия,""
873,2410-9932,"",Электронная техника. Серия 3: Микроэлектроника,""
874,"",2079-8784,"Электронный научно-образовательный журнал ""История""",""
875,0013-5860,"",Электротехника,""
876,0424-8570,"",Электрохимия,""
877,2306-3513,2310-3965,Эндокринная хирургия,""
878,1025-7209,2309-5636,Эндоскопическая хирургия,""
879,0367-1445,"",Энтомологическое обозрение,""
880,2073-3046,2619-0494,Эпидемиология и вакцинопрофилактика,""
881,1560-9529,2411-3026,Эпидемиология и инфекционные болезни,""
882,2226-6976,2414-9640,Эпидемиология и инфекционные болезни. Актуальные вопросы,""
883,1811-833X,2311-7133,Эпистемология и философия науки,""
884,2687-0886,"",Эталоны. Стандартные образцы,""
885,0869-5415,"",Этнографическое обозрение,""
886,0044-0027,"",Ядерная физика,""
887,2079-5629,2079-5637,Ядерная физика и инжиниринг,2019
